{"cameraMode":{"drawMode":0,"name":"Shaded","section":"Shading Mode"},"sceneLighting":true,"audioPlay":false,"sceneViewState":{"m_AlwaysRefresh":false,"showFog":true,"showSkybox":true,"showFlares":true,"showImageEffects":true,"showParticleSystems":true,"showVisualEffectGraphs":true,"m_FxEnabled":true},"in2DMode":false,"pivot":{"x":-1.2365074157714844,"y":3.0015735626220705,"z":-0.370513916015625},"rotation":{"x":-0.0007029959233477712,"y":0.9951948523521423,"z":-0.09765128791332245,"w":-0.007164847105741501},"size":8.517778396606446,"orthographic":false}